Species,Brain Mass,Order,Beta,Alpha,GI,
Addax,220,Artiodactyla,0.11,1.24179071,2.247578668,"GI_est = α·Mass^β from Pillay & Manger (2007 DOI:10.1111/j.1460-9568.2007.05524.x); α=1.24, β=0.11. Brain mass from Smith et al. 2018 (Dryad DOI:10.5061/dryad.2r62k7s)."
Agouti,21.26,Rodentia,0.07,1.000269898,1.238929596,"GI_est = α·Mass^β from Pillay & Manger (2007 DOI:10.1111/j.1460-9568.2007.05524.x); α=1.00, β=0.07. Brain mass from Smith et al. 2018 (Dryad DOI:10.5061/dryad.2r62k7s)."
Armadillo,7.54,Other,0.1,1.087169496,1.330559784,"GI_est = α·Mass^β from Pillay & Manger (2007 DOI:10.1111/j.1460-9568.2007.05524.x); α=1.09, β=0.1. Brain mass from Smith et al. 2018 (Dryad DOI:10.5061/dryad.2r62k7s)."
ArtibeusJamacien,0.93,Chiroptera,0.08,1.206987049,1.2,"GI_est = α·Mass^β from Pillay & Manger (2007 DOI:10.1111/j.1460-9568.2007.05524.x); α=1.21, β=0.08. Brain mass from Smith et al. 2018 (Dryad DOI:10.5061/dryad.2r62k7s)."
Asellia,0.5,Chiroptera,0.08,1.206987049,1.141879327,"GI_est = α·Mass^β from Pillay & Manger (2007 DOI:10.1111/j.1460-9568.2007.05524.x); α=1.21, β=0.08. Brain mass from Smith et al. 2018 (Dryad DOI:10.5061/dryad.2r62k7s)."
AsianOtter,35,Carnivora,0.1,1.087169496,1.551329541,"GI_est = α·Mass^β from Pillay & Manger (2007 DOI:10.1111/j.1460-9568.2007.05524.x); α=1.09, β=0.1. Brain mass from Smith et al. 2018 (Dryad DOI:10.5061/dryad.2r62k7s)."
Baboon,148,Primates,,,2,"Measured GI = 2.00 from Zilles et al. (2013), DOI:10.1016/j.tins.2013.01.006"
BactrianDeer,200,Artiodactyla,0.11,1.24179071,2.224137877,"GI_est = α·Mass^β from Pillay & Manger (2007 DOI:10.1111/j.1460-9568.2007.05524.x); α=1.24, β=0.11. Brain mass from Smith et al. 2018 (Dryad DOI:10.5061/dryad.2r62k7s)."
Battongia,3.75,Other,0.1,1.087169496,1.240796001,"GI_est = α·Mass^β from Pillay & Manger (2007 DOI:10.1111/j.1460-9568.2007.05524.x); α=1.09, β=0.1. Brain mass from Smith et al. 2018 (Dryad DOI:10.5061/dryad.2r62k7s)."
BlanfordFox,40,Other,0.1,1.087169496,1.572183584,"GI_est = α·Mass^β from Pillay & Manger (2007 DOI:10.1111/j.1460-9568.2007.05524.x); α=1.09, β=0.1. Brain mass from Smith et al. 2018 (Dryad DOI:10.5061/dryad.2r62k7s)."
BlindMole,3,Other,0.1,1.087169496,1.213415068,"GI_est = α·Mass^β from Pillay & Manger (2007 DOI:10.1111/j.1460-9568.2007.05524.x); α=1.09, β=0.1. Brain mass from Smith et al. 2018 (Dryad DOI:10.5061/dryad.2r62k7s)."
BottleNoseDolphin,1600,Other,,,4.3,"Measured GI = 4.30 from Sun & Hevner (2014), DOI:10.1038/nrn3707"
BrownLemur,25,Primates,,,1.5,"Measured GI = 1.50 from Zilles et al. (2013), DOI:10.1016/j.tins.2013.01.006"
CapraNubiana,120,Other,0.1,1.087169496,1.754750532,"GI_est = α·Mass^β from Pillay & Manger (2007 DOI:10.1111/j.1460-9568.2007.05524.x); α=1.09, β=0.1. Brain mass from Smith et al. 2018 (Dryad DOI:10.5061/dryad.2r62k7s)."
Capuchin,62.6,Primates,,,1.6,"Measured GI = 1.60 from Zilles et al. (2013), DOI:10.1016/j.tins.2013.01.006"
Capybara,75,Other,0.1,1.087169496,1.674184761,"GI_est = α·Mass^β from Pillay & Manger (2007 DOI:10.1111/j.1460-9568.2007.05524.x); α=1.09, β=0.1. Brain mass from Smith et al. 2018 (Dryad DOI:10.5061/dryad.2r62k7s)."
Caracal,30,Carnivora,0.1,1.087169496,1.527599064,"GI_est = α·Mass^β from Pillay & Manger (2007 DOI:10.1111/j.1460-9568.2007.05524.x); α=1.09, β=0.1. Brain mass from Smith et al. 2018 (Dryad DOI:10.5061/dryad.2r62k7s)."
CarolliaPerspicilatta,0.47,Chiroptera,0.08,1.206987049,1.136240954,"GI_est = α·Mass^β from Pillay & Manger (2007 DOI:10.1111/j.1460-9568.2007.05524.x); α=1.21, β=0.08. Brain mass from Smith et al. 2018 (Dryad DOI:10.5061/dryad.2r62k7s)."
Cat,25,Carnivora,,,1.5,"Measured GI = 1.50 from Zilles et al. (2013), DOI:10.1016/j.tins.2013.01.006"
CaucasianSquirrel,7,Other,0.1,1.087169496,1.320708771,"GI_est = α·Mass^β from Pillay & Manger (2007 DOI:10.1111/j.1460-9568.2007.05524.x); α=1.09, β=0.1. Brain mass from Smith et al. 2018 (Dryad DOI:10.5061/dryad.2r62k7s)."
ChaerephonPlicata,0.6,Chiroptera,0.08,1.206987049,1.158656521,"GI_est = α·Mass^β from Pillay & Manger (2007 DOI:10.1111/j.1460-9568.2007.05524.x); α=1.21, β=0.08. Brain mass from Smith et al. 2018 (Dryad DOI:10.5061/dryad.2r62k7s)."
Chimpanzee,354.81,Primates,,,2.17,"Measured GI = 2.17 from Zilles et al. (2013), DOI:10.1016/j.tins.2013.01.006"
Chinchila,5.3,Rodentia,0.07,1.000269898,1.124129928,"GI_est = α·Mass^β from Pillay & Manger (2007 DOI:10.1111/j.1460-9568.2007.05524.x); α=1.00, β=0.07. Brain mass from Smith et al. 2018 (Dryad DOI:10.5061/dryad.2r62k7s)."
Chital,219,Artiodactyla,0.11,1.24179071,2.246452599,"GI_est = α·Mass^β from Pillay & Manger (2007 DOI:10.1111/j.1460-9568.2007.05524.x); α=1.24, β=0.11. Brain mass from Smith et al. 2018 (Dryad DOI:10.5061/dryad.2r62k7s)."
Colobus,83.9,Primates,,,1.81,"Measured GI = 1.81 from Zilles et al. (2013), DOI:10.1016/j.tins.2013.01.006"
CommonFox,40,Carnivora,,,1.66,"Measured GI = 1.66 from Pillay & Manger (2007), DOI:10.1111/j.1460-9568.2007.05524.x"
CommonHedgeHog,2.26,Rodentia,0.07,1.000269898,1.059021532,"GI_est = α·Mass^β from Pillay & Manger (2007 DOI:10.1111/j.1460-9568.2007.05524.x); α=1.00, β=0.07. Brain mass from Smith et al. 2018 (Dryad DOI:10.5061/dryad.2r62k7s)."
CommonTreeShrew,2.02,Other,0.1,1.087169496,1.166359404,"GI_est = α·Mass^β from Pillay & Manger (2007 DOI:10.1111/j.1460-9568.2007.05524.x); α=1.09, β=0.1. Brain mass from Smith et al. 2018 (Dryad DOI:10.5061/dryad.2r62k7s)."
Cow,500,Other,0.1,1.087169496,2.023924272,"GI_est = α·Mass^β from Pillay & Manger (2007 DOI:10.1111/j.1460-9568.2007.05524.x); α=1.09, β=0.1. Brain mass from Smith et al. 2018 (Dryad DOI:10.5061/dryad.2r62k7s)."
Coypu,17.09,Other,0.1,1.087169496,1.444014202,"GI_est = α·Mass^β from Pillay & Manger (2007 DOI:10.1111/j.1460-9568.2007.05524.x); α=1.09, β=0.1. Brain mass from Smith et al. 2018 (Dryad DOI:10.5061/dryad.2r62k7s)."
Cynopterus,1,Chiroptera,0.08,1.206987049,1.206987049,"GI_est = α·Mass^β from Pillay & Manger (2007 DOI:10.1111/j.1460-9568.2007.05524.x); α=1.21, β=0.08. Brain mass from Smith et al. 2018 (Dryad DOI:10.5061/dryad.2r62k7s)."
Deer,409.3,Artiodactyla,0.11,1.24179071,2.4064287,"GI_est = α·Mass^β from Pillay & Manger (2007 DOI:10.1111/j.1460-9568.2007.05524.x); α=1.24, β=0.11. Brain mass from Smith et al. 2018 (Dryad DOI:10.5061/dryad.2r62k7s)."
Dego,5,Other,0.1,1.087169496,1.277009884,"GI_est = α·Mass^β from Pillay & Manger (2007 DOI:10.1111/j.1460-9568.2007.05524.x); α=1.09, β=0.1. Brain mass from Smith et al. 2018 (Dryad DOI:10.5061/dryad.2r62k7s)."
DikDik,37,Artiodactyla,0.11,1.24179071,1.847356003,"GI_est = α·Mass^β from Pillay & Manger (2007 DOI:10.1111/j.1460-9568.2007.05524.x); α=1.24, β=0.11. Brain mass from Smith et al. 2018 (Dryad DOI:10.5061/dryad.2r62k7s)."
Dog,80,Carnivora,0.1,1.087169496,1.685024644,"GI_est = α·Mass^β from Pillay & Manger (2007 DOI:10.1111/j.1460-9568.2007.05524.x); α=1.09, β=0.1. Brain mass from Smith et al. 2018 (Dryad DOI:10.5061/dryad.2r62k7s)."
Donkey,434,Perissodactyla,0.12,0.9746330733,2.019946711,"GI_est = α·Mass^β from Pillay & Manger (2007 DOI:10.1111/j.1460-9568.2007.05524.x); α=0.97, β=0.12. Brain mass from Smith et al. 2018 (Dryad DOI:10.5061/dryad.2r62k7s)."
Eonycteris,1.18,Chiroptera,0.08,1.206987049,1.22307523,"GI_est = α·Mass^β from Pillay & Manger (2007 DOI:10.1111/j.1460-9568.2007.05524.x); α=1.21, β=0.08. Brain mass from Smith et al. 2018 (Dryad DOI:10.5061/dryad.2r62k7s)."
Eptesicus,0.5,Chiroptera,0.08,1.206987049,1.141879327,"GI_est = α·Mass^β from Pillay & Manger (2007 DOI:10.1111/j.1460-9568.2007.05524.x); α=1.21, β=0.08. Brain mass from Smith et al. 2018 (Dryad DOI:10.5061/dryad.2r62k7s)."
FallowDeer,180,Artiodactyla,0.11,1.24179071,2.19850968,"GI_est = α·Mass^β from Pillay & Manger (2007 DOI:10.1111/j.1460-9568.2007.05524.x); α=1.24, β=0.11. Brain mass from Smith et al. 2018 (Dryad DOI:10.5061/dryad.2r62k7s)."
FennekFox,40,Carnivora,,,1.28,"Measured GI = 1.28 from Pillay & Manger (2007), DOI:10.1111/j.1460-9568.2007.05524.x"
Ferret,5,Carnivora,,,1.36,"Measured GI = 1.36 from Pillay & Manger (2007), DOI:10.1111/j.1460-9568.2007.05524.x"
FruitBat,1.5,Chiroptera,0.08,1.206987049,1.246780241,"GI_est = α·Mass^β from Pillay & Manger (2007 DOI:10.1111/j.1460-9568.2007.05524.x); α=1.21, β=0.08. Brain mass from Smith et al. 2018 (Dryad DOI:10.5061/dryad.2r62k7s)."
Gerbil,2,Rodentia,0.07,1.000269898,1.05,"GI_est = α·Mass^β from Pillay & Manger (2007 DOI:10.1111/j.1460-9568.2007.05524.x); α=1.00, β=0.07. Brain mass from Smith et al. 2018 (Dryad DOI:10.5061/dryad.2r62k7s)."
Giraffe,700,Other,0.1,1.087169496,2.093182341,"GI_est = α·Mass^β from Pillay & Manger (2007 DOI:10.1111/j.1460-9568.2007.05524.x); α=1.09, β=0.1. Brain mass from Smith et al. 2018 (Dryad DOI:10.5061/dryad.2r62k7s)."
Goat,120,Artiodactyla,0.11,1.24179071,2.102608151,"GI_est = α·Mass^β from Pillay & Manger (2007 DOI:10.1111/j.1460-9568.2007.05524.x); α=1.24, β=0.11. Brain mass from Smith et al. 2018 (Dryad DOI:10.5061/dryad.2r62k7s)."
GoldenSpinyMouse,1,Other,0.1,1.087169496,1.087169496,"GI_est = α·Mass^β from Pillay & Manger (2007 DOI:10.1111/j.1460-9568.2007.05524.x); α=1.09, β=0.1. Brain mass from Smith et al. 2018 (Dryad DOI:10.5061/dryad.2r62k7s)."
Gorilla,454.55,Primates,,,2.17,"Measured GI = 2.17 from Zilles et al. (2013), DOI:10.1016/j.tins.2013.01.006"
GrayKangaroo,60,Other,,,1.03,"Measured GI = 1.03 from Lyras et al. (2016), DOI:10.1159/000453104"
GreenMonkey,70,Primates,,,1.87,"Measured GI = 1.87 from Zilles et al. (2013), DOI:10.1016/j.tins.2013.01.006"
Hare,14.35,Other,0.1,1.087169496,1.419000173,"GI_est = α·Mass^β from Pillay & Manger (2007 DOI:10.1111/j.1460-9568.2007.05524.x); α=1.09, β=0.1. Brain mass from Smith et al. 2018 (Dryad DOI:10.5061/dryad.2r62k7s)."
HimalianBear,350,Other,0.1,1.087169496,1.953008181,"GI_est = α·Mass^β from Pillay & Manger (2007 DOI:10.1111/j.1460-9568.2007.05524.x); α=1.09, β=0.1. Brain mass from Smith et al. 2018 (Dryad DOI:10.5061/dryad.2r62k7s)."
HippArmiger,10,Other,0.1,1.087169496,1.368665305,"GI_est = α·Mass^β from Pillay & Manger (2007 DOI:10.1111/j.1460-9568.2007.05524.x); α=1.09, β=0.1. Brain mass from Smith et al. 2018 (Dryad DOI:10.5061/dryad.2r62k7s)."
HoneyBadger,86.04,Carnivora,0.1,1.087169496,1.697333951,"GI_est = α·Mass^β from Pillay & Manger (2007 DOI:10.1111/j.1460-9568.2007.05524.x); α=1.09, β=0.1. Brain mass from Smith et al. 2018 (Dryad DOI:10.5061/dryad.2r62k7s)."
Horse,600,Perissodactyla,,,2.1,"Measured GI = 2.10 from Manger et al. (2012), DOI:10.1002/cne.23046"
HowlerMonkey,50.04,Primates,,,1.47,"Measured GI = 1.47 from Zilles et al. (2013), DOI:10.1016/j.tins.2013.01.006"
Hyaena,175,Carnivora,,,1.74,"Measured GI = 1.74 from Pillay & Manger (2007), DOI:10.1111/j.1460-9568.2007.05524.x"
Hyrax,19.47,Other,0.1,1.087169496,1.462964721,"GI_est = α·Mass^β from Pillay & Manger (2007 DOI:10.1111/j.1460-9568.2007.05524.x); α=1.09, β=0.1. Brain mass from Smith et al. 2018 (Dryad DOI:10.5061/dryad.2r62k7s)."
IndHogDeer,150,Artiodactyla,0.11,1.24179071,2.154856951,"GI_est = α·Mass^β from Pillay & Manger (2007 DOI:10.1111/j.1460-9568.2007.05524.x); α=1.24, β=0.11. Brain mass from Smith et al. 2018 (Dryad DOI:10.5061/dryad.2r62k7s)."
JungleCat,30,Carnivora,0.1,1.087169496,1.527599064,"GI_est = α·Mass^β from Pillay & Manger (2007 DOI:10.1111/j.1460-9568.2007.05524.x); α=1.09, β=0.1. Brain mass from Smith et al. 2018 (Dryad DOI:10.5061/dryad.2r62k7s)."
Koala,20,Other,0.1,1.087169496,1.466899153,"GI_est = α·Mass^β from Pillay & Manger (2007 DOI:10.1111/j.1460-9568.2007.05524.x); α=1.09, β=0.1. Brain mass from Smith et al. 2018 (Dryad DOI:10.5061/dryad.2r62k7s)."
Lama,120,Perissodactyla,0.12,0.9746330733,1.731182663,"GI_est = α·Mass^β from Pillay & Manger (2007 DOI:10.1111/j.1460-9568.2007.05524.x); α=0.97, β=0.12. Brain mass from Smith et al. 2018 (Dryad DOI:10.5061/dryad.2r62k7s)."
LemurCatta,25,Primates,,,1.46,"Measured GI = 1.46 from Zilles et al. (2013), DOI:10.1016/j.tins.2013.01.006"
Leopard,135,Carnivora,0.1,1.087169496,1.775540713,"GI_est = α·Mass^β from Pillay & Manger (2007 DOI:10.1111/j.1460-9568.2007.05524.x); α=1.09, β=0.1. Brain mass from Smith et al. 2018 (Dryad DOI:10.5061/dryad.2r62k7s)."
Lycaon,150,Other,,,1.8,"Measured GI = 1.80 from Pillay & Manger (2007), DOI:10.1111/j.1460-9568.2007.05524.x"
Macaque,90,Primates,,,1.75,"Measured GI = 1.75 from Zilles et al. (2013), DOI:10.1016/j.tins.2013.01.006"
MacaqueBlack,90,Primates,0.13,1.011486925,1.815564989,"GI_est = α·Mass^β from Pillay & Manger (2007 DOI:10.1111/j.1460-9568.2007.05524.x); α=1.01, β=0.13. Brain mass from Smith et al. 2018 (Dryad DOI:10.5061/dryad.2r62k7s)."
MacaqueLionTail,90,Primates,0.13,1.011486925,1.815564989,"GI_est = α·Mass^β from Pillay & Manger (2007 DOI:10.1111/j.1460-9568.2007.05524.x); α=1.01, β=0.13. Brain mass from Smith et al. 2018 (Dryad DOI:10.5061/dryad.2r62k7s)."
MacaquePT,90,Primates,0.13,1.011486925,1.815564989,"GI_est = α·Mass^β from Pillay & Manger (2007 DOI:10.1111/j.1460-9568.2007.05524.x); α=1.01, β=0.13. Brain mass from Smith et al. 2018 (Dryad DOI:10.5061/dryad.2r62k7s)."
Mandrill,150,Primates,,,2.27,"Measured GI = 2.27 from Zilles et al. (2013), DOI:10.1016/j.tins.2013.01.006"
Mangebi,80,Other,0.1,1.087169496,1.685024644,"GI_est = α·Mass^β from Pillay & Manger (2007 DOI:10.1111/j.1460-9568.2007.05524.x); α=1.09, β=0.1. Brain mass from Smith et al. 2018 (Dryad DOI:10.5061/dryad.2r62k7s)."
Mara,20,Rodentia,0.07,1.000269898,1.233642433,"GI_est = α·Mass^β from Pillay & Manger (2007 DOI:10.1111/j.1460-9568.2007.05524.x); α=1.00, β=0.07. Brain mass from Smith et al. 2018 (Dryad DOI:10.5061/dryad.2r62k7s)."
Marmoset,8,Primates,,,1.18,"Measured GI = 1.18 from Zilles et al. (2013), DOI:10.1016/j.tins.2013.01.006"
Meerkat,10,Other,,,1.35,"Measured GI = 1.35 from Lewitus et al. (2014), DOI:10.1371/journal.pbio.1002000"
Merion,2,Rodentia,0.07,1.000269898,1.05,"GI_est = α·Mass^β from Pillay & Manger (2007 DOI:10.1111/j.1460-9568.2007.05524.x); α=1.00, β=0.07. Brain mass from Smith et al. 2018 (Dryad DOI:10.5061/dryad.2r62k7s)."
MiniopterusSchreibersii,0.5,Chiroptera,0.08,1.206987049,1.141879327,"GI_est = α·Mass^β from Pillay & Manger (2007 DOI:10.1111/j.1460-9568.2007.05524.x); α=1.21, β=0.08. Brain mass from Smith et al. 2018 (Dryad DOI:10.5061/dryad.2r62k7s)."
Mongoose,15,Carnivora,0.1,1.087169496,1.425300325,"GI_est = α·Mass^β from Pillay & Manger (2007 DOI:10.1111/j.1460-9568.2007.05524.x); α=1.09, β=0.1. Brain mass from Smith et al. 2018 (Dryad DOI:10.5061/dryad.2r62k7s)."
Mouse,0.4,Rodentia,,,1.03,"Measured GI = 1.03 from Lyras et al. (2016), DOI:10.1159/000453104"
MyotisEmargenitus,0.5,Chiroptera,0.08,1.206987049,1.141879327,"GI_est = α·Mass^β from Pillay & Manger (2007 DOI:10.1111/j.1460-9568.2007.05524.x); α=1.21, β=0.08. Brain mass from Smith et al. 2018 (Dryad DOI:10.5061/dryad.2r62k7s)."
MyotisMyotis,0.5,Chiroptera,0.08,1.206987049,1.141879327,"GI_est = α·Mass^β from Pillay & Manger (2007 DOI:10.1111/j.1460-9568.2007.05524.x); α=1.21, β=0.08. Brain mass from Smith et al. 2018 (Dryad DOI:10.5061/dryad.2r62k7s)."
MyotisVivesi,0.5,Chiroptera,0.08,1.206987049,1.141879327,"GI_est = α·Mass^β from Pillay & Manger (2007 DOI:10.1111/j.1460-9568.2007.05524.x); α=1.21, β=0.08. Brain mass from Smith et al. 2018 (Dryad DOI:10.5061/dryad.2r62k7s)."
Nasua,30,Other,,,1.62,"Measured GI = 1.62 from Pillay & Manger (2007), DOI:10.1111/j.1460-9568.2007.05524.x"
Onager,300,Perissodactyla,0.12,0.9746330733,1.932394066,"GI_est = α·Mass^β from Pillay & Manger (2007 DOI:10.1111/j.1460-9568.2007.05524.x); α=0.97, β=0.12. Brain mass from Smith et al. 2018 (Dryad DOI:10.5061/dryad.2r62k7s)."
Orangutan,370,Other,,,2.31,"Measured GI = 2.31 from Zilles et al. (2013), DOI:10.1016/j.tins.2013.01.006"
Oryx,200,Artiodactyla,0.11,1.24179071,2.224137877,"GI_est = α·Mass^β from Pillay & Manger (2007 DOI:10.1111/j.1460-9568.2007.05524.x); α=1.24, β=0.11. Brain mass from Smith et al. 2018 (Dryad DOI:10.5061/dryad.2r62k7s)."
Otter,35,Carnivora,0.1,1.087169496,1.551329541,"GI_est = α·Mass^β from Pillay & Manger (2007 DOI:10.1111/j.1460-9568.2007.05524.x); α=1.09, β=0.1. Brain mass from Smith et al. 2018 (Dryad DOI:10.5061/dryad.2r62k7s)."
PalmSquirrel,5,Other,0.1,1.087169496,1.277009884,"GI_est = α·Mass^β from Pillay & Manger (2007 DOI:10.1111/j.1460-9568.2007.05524.x); α=1.09, β=0.1. Brain mass from Smith et al. 2018 (Dryad DOI:10.5061/dryad.2r62k7s)."
Pecari,50,Artiodactyla,0.11,1.24179071,1.909567907,"GI_est = α·Mass^β from Pillay & Manger (2007 DOI:10.1111/j.1460-9568.2007.05524.x); α=1.24, β=0.11. Brain mass from Smith et al. 2018 (Dryad DOI:10.5061/dryad.2r62k7s)."
Pkuhlii,0.5,Other,0.1,1.087169496,1.014365007,"GI_est = α·Mass^β from Pillay & Manger (2007 DOI:10.1111/j.1460-9568.2007.05524.x); α=1.09, β=0.1. Brain mass from Smith et al. 2018 (Dryad DOI:10.5061/dryad.2r62k7s)."
Porcine,150,Artiodactyla,,,1.9,"Measured GI = 1.90 from Pillay & Manger (2007), DOI:10.1111/j.1460-9568.2007.05524.x"
Porcupine,20,Other,0.1,1.087169496,1.466899153,"GI_est = α·Mass^β from Pillay & Manger (2007 DOI:10.1111/j.1460-9568.2007.05524.x); α=1.09, β=0.1. Brain mass from Smith et al. 2018 (Dryad DOI:10.5061/dryad.2r62k7s)."
PrairieDog,10,Other,0.1,1.087169496,1.368665305,"GI_est = α·Mass^β from Pillay & Manger (2007 DOI:10.1111/j.1460-9568.2007.05524.x); α=1.09, β=0.1. Brain mass from Smith et al. 2018 (Dryad DOI:10.5061/dryad.2r62k7s)."
PteropusLylei,5,Chiroptera,0.08,1.206987049,1.372840904,"GI_est = α·Mass^β from Pillay & Manger (2007 DOI:10.1111/j.1460-9568.2007.05524.x); α=1.21, β=0.08. Brain mass from Smith et al. 2018 (Dryad DOI:10.5061/dryad.2r62k7s)."
Rabbit,10,Other,,,1.1,"Measured GI = 1.10 from Lyras et al. (2016), DOI:10.1159/000453104"
Rat,2,Rodentia,,,1.05,"Measured GI = 1.05 from Lyras et al. (2016), DOI:10.1159/000453104"
RedKangaroo,60,Other,,,1.03,"Measured GI = 1.03 from Lyras et al. (2016), DOI:10.1159/000453104"
RedNeckWallaby,50,Other,0.1,1.087169496,1.607660194,"GI_est = α·Mass^β from Pillay & Manger (2007 DOI:10.1111/j.1460-9568.2007.05524.x); α=1.09, β=0.1. Brain mass from Smith et al. 2018 (Dryad DOI:10.5061/dryad.2r62k7s)."
RedPanda,25,Other,,,1.51,"Measured GI = 1.51 from Pillay & Manger (2007), DOI:10.1111/j.1460-9568.2007.05524.x"
Rhinolophus,0.5,Chiroptera,0.08,1.206987049,1.141879327,"GI_est = α·Mass^β from Pillay & Manger (2007 DOI:10.1111/j.1460-9568.2007.05524.x); α=1.21, β=0.08. Brain mass from Smith et al. 2018 (Dryad DOI:10.5061/dryad.2r62k7s)."
Rhinopoma,0.5,Chiroptera,0.08,1.206987049,1.141879327,"GI_est = α·Mass^β from Pillay & Manger (2007 DOI:10.1111/j.1460-9568.2007.05524.x); α=1.21, β=0.08. Brain mass from Smith et al. 2018 (Dryad DOI:10.5061/dryad.2r62k7s)."
SandCat,25,Other,0.1,1.087169496,1.5,"GI_est = α·Mass^β from Pillay & Manger (2007 DOI:10.1111/j.1460-9568.2007.05524.x); α=1.09, β=0.1. Brain mass from Smith et al. 2018 (Dryad DOI:10.5061/dryad.2r62k7s)."
SandHedgeHog,2,Rodentia,0.07,1.000269898,1.05,"GI_est = α·Mass^β from Pillay & Manger (2007 DOI:10.1111/j.1460-9568.2007.05524.x); α=1.00, β=0.07. Brain mass from Smith et al. 2018 (Dryad DOI:10.5061/dryad.2r62k7s)."
Sheep,120,Artiodactyla,,,1.7,"Measured GI = 1.70 from Pillay & Manger (2007), DOI:10.1111/j.1460-9568.2007.05524.x"
Siamang,100,Primates,0.13,1.011486925,1.840603626,"GI_est = α·Mass^β from Pillay & Manger (2007 DOI:10.1111/j.1460-9568.2007.05524.x); α=1.01, β=0.13. Brain mass from Smith et al. 2018 (Dryad DOI:10.5061/dryad.2r62k7s)."
SkinnyPig,5,Other,0.1,1.087169496,1.277009884,"GI_est = α·Mass^β from Pillay & Manger (2007 DOI:10.1111/j.1460-9568.2007.05524.x); α=1.09, β=0.1. Brain mass from Smith et al. 2018 (Dryad DOI:10.5061/dryad.2r62k7s)."
SpinyMouse,1,Rodentia,0.07,1.000269898,1.000269898,"GI_est = α·Mass^β from Pillay & Manger (2007 DOI:10.1111/j.1460-9568.2007.05524.x); α=1.00, β=0.07. Brain mass from Smith et al. 2018 (Dryad DOI:10.5061/dryad.2r62k7s)."
SquirrelMonkey,25,Primates,,,1.55,"Measured GI = 1.55 from Zilles et al. (2013), DOI:10.1016/j.tins.2013.01.006"
StrippedDolphin,800,Other,,,4.3,"Measured GI = 4.30 from Sun & Hevner (2014), DOI:10.1038/nrn3707"
SturniraLilium,1,Chiroptera,0.08,1.206987049,1.206987049,"GI_est = α·Mass^β from Pillay & Manger (2007 DOI:10.1111/j.1460-9568.2007.05524.x); α=1.21, β=0.08. Brain mass from Smith et al. 2018 (Dryad DOI:10.5061/dryad.2r62k7s)."
TadaridaTeniotis,0.5,Chiroptera,0.08,1.206987049,1.141879327,"GI_est = α·Mass^β from Pillay & Manger (2007 DOI:10.1111/j.1460-9568.2007.05524.x); α=1.21, β=0.08. Brain mass from Smith et al. 2018 (Dryad DOI:10.5061/dryad.2r62k7s)."
TamarinCottonTop,8,Primates,,,1.2,"Measured GI = 1.20 from Zilles et al. (2013), DOI:10.1016/j.tins.2013.01.006"
TamarinEmperor,8,Primates,0.13,1.011486925,1.325445794,"GI_est = α·Mass^β from Pillay & Manger (2007 DOI:10.1111/j.1460-9568.2007.05524.x); α=1.01, β=0.13. Brain mass from Smith et al. 2018 (Dryad DOI:10.5061/dryad.2r62k7s)."
TamarinGoldenHands,8,Primates,0.13,1.011486925,1.325445794,"GI_est = α·Mass^β from Pillay & Manger (2007 DOI:10.1111/j.1460-9568.2007.05524.x); α=1.01, β=0.13. Brain mass from Smith et al. 2018 (Dryad DOI:10.5061/dryad.2r62k7s)."
Tapir,200,Perissodactyla,0.12,0.9746330733,1.840622574,"GI_est = α·Mass^β from Pillay & Manger (2007 DOI:10.1111/j.1460-9568.2007.05524.x); α=0.97, β=0.12. Brain mass from Smith et al. 2018 (Dryad DOI:10.5061/dryad.2r62k7s)."
ThomsonGazelle,80,Artiodactyla,0.11,1.24179071,2.010889957,"GI_est = α·Mass^β from Pillay & Manger (2007 DOI:10.1111/j.1460-9568.2007.05524.x); α=1.24, β=0.11. Brain mass from Smith et al. 2018 (Dryad DOI:10.5061/dryad.2r62k7s)."
Tiger,269.73,Other,,,1.91,"Measured GI = 1.91 from Pillay & Manger (2007), DOI:10.1111/j.1460-9568.2007.05524.x"
VampireBat,1,Chiroptera,0.08,1.206987049,1.206987049,"GI_est = α·Mass^β from Pillay & Manger (2007 DOI:10.1111/j.1460-9568.2007.05524.x); α=1.21, β=0.08. Brain mass from Smith et al. 2018 (Dryad DOI:10.5061/dryad.2r62k7s)."
Vervet,70,Primates,,,1.87,"Measured GI = 1.87 from Zilles et al. (2013), DOI:10.1016/j.tins.2013.01.006"
Vole,1,Rodentia,0.07,1.000269898,1.000269898,"GI_est = α·Mass^β from Pillay & Manger (2007 DOI:10.1111/j.1460-9568.2007.05524.x); α=1.00, β=0.07. Brain mass from Smith et al. 2018 (Dryad DOI:10.5061/dryad.2r62k7s)."
WildBoar,150,Artiodactyla,0.11,1.24179071,2.154856951,"GI_est = α·Mass^β from Pillay & Manger (2007 DOI:10.1111/j.1460-9568.2007.05524.x); α=1.24, β=0.11. Brain mass from Smith et al. 2018 (Dryad DOI:10.5061/dryad.2r62k7s)."
WildRabbit,10,Other,0.1,1.087169496,1.368665305,"GI_est = α·Mass^β from Pillay & Manger (2007 DOI:10.1111/j.1460-9568.2007.05524.x); α=1.09, β=0.1. Brain mass from Smith et al. 2018 (Dryad DOI:10.5061/dryad.2r62k7s)."
WildRat,2,Other,0.1,1.087169496,1.165199415,"GI_est = α·Mass^β from Pillay & Manger (2007 DOI:10.1111/j.1460-9568.2007.05524.x); α=1.09, β=0.1. Brain mass from Smith et al. 2018 (Dryad DOI:10.5061/dryad.2r62k7s)."
Wilderbeest,300,Artiodactyla,0.11,1.24179071,2.325582468,"GI_est = α·Mass^β from Pillay & Manger (2007 DOI:10.1111/j.1460-9568.2007.05524.x); α=1.24, β=0.11. Brain mass from Smith et al. 2018 (Dryad DOI:10.5061/dryad.2r62k7s)."
Wolf,150,Carnivora,0.1,1.087169496,1.794346798,"GI_est = α·Mass^β from Pillay & Manger (2007 DOI:10.1111/j.1460-9568.2007.05524.x); α=1.09, β=0.1. Brain mass from Smith et al. 2018 (Dryad DOI:10.5061/dryad.2r62k7s)."
Zebra,400,Perissodactyla,,,2.94,"Measured GI = 2.94 from Pillay & Manger (2007), DOI:10.1111/j.1460-9568.2007.05524.x"